label,avg_ct,avg_lt,avg_rt,bytes,concurrency,fail,stdev_rt,succ,throughput,perc_0.0,perc_50.0,perc_90.0,perc_95.0,perc_99.0,perc_99.9,perc_100.0,rc_200
Users List,0.00001,0.01143,0.01147,2109576143,100,0,0.00415,2621534,2621534,0.00100,0.01100,0.01700,0.01900,0.02500,0.03200,0.15600,2621534
,0.00001,0.01143,0.01147,2109576143,100,0,0.00415,2621534,2621534,0.00100,0.01100,0.01700,0.01900,0.02500,0.03200,0.15600,2621534
